FileNo,Date/time,Latitude,Longitude,Elevation
1,2022-05-09 00:02:05.313463,37.518616666970004,86.15509898167723,416.63809225253414
2,2022-05-09 00:02:20.380886,36.90422167363079,87.04208746031783,416.5732882766466
3,2022-05-09 00:02:35.032574,36.29953001481571,87.89008458287023,416.51128583543624
4,2022-05-09 00:02:49.697117,35.68746527384699,88.72479212267596,416.45040426287875
5,2022-05-09 00:03:04.322597,35.07042538441695,89.54371438523627,416.39101953032787
6,2022-05-09 00:03:18.984615,34.445497172586975,90.35141728552044,416.33299533174454
7,2022-05-09 00:03:33.658114,33.813950030025744,91.14683239704128,416.2766061589765
8,2022-05-09 00:03:48.332564,33.1764430774671,91.92976218767568,416.2220616057189
9,2022-05-09 00:04:03.232589,32.52332471764631,92.71225751132137,416.1687438937104
10,2022-05-09 00:04:17.882338,31.875675972959154,93.46973802551025,416.11851884139094
11,2022-05-09 00:04:32.552422,31.221868460006892,94.21684005087134,416.0705737957486
12,2022-05-09 00:04:47.405650,30.55475484980803,94.96196614486041,416.02459550895776
13,2022-05-09 00:05:02.272477,29.88203821244347,95.69676276573428,415.9813286643567
14,2022-05-09 00:05:16.948468,29.213260110737778,96.41166317027991,415.9414846598957
15,2022-05-09 00:05:31.603854,28.540918857953773,97.11555842246143,415.9046988363738
16,2022-05-09 00:05:46.255685,27.86446340569589,97.80958205701376,415.871081353802
17,2022-05-09 00:06:00.934147,27.18262868416091,98.49550588329015,415.84072494733556
18,2022-05-09 00:06:15.619160,26.496513535791753,99.17267195212065,415.81383727918325
19,2022-05-09 00:06:30.312923,25.806153881510774,99.84150500356763,415.7905711056133
20,2022-05-09 00:06:45.185650,25.103655258622137,100.50989160717839,415.7708800858518
21,2022-05-09 00:07:00.106926,24.395255464761316,101.17209018437369,415.7551776490452
22,2022-05-09 00:07:14.791243,23.694696619649157,101.81592516080775,415.7438325127209
23,2022-05-09 00:07:29.648395,22.982635958371038,102.45968608982591,415.7366448287178
24,2022-05-09 00:07:44.517198,22.266855695341476,103.09657137540052,415.7339124575507
25,2022-05-09 00:07:59.199285,21.55711134818953,103.71849266126343,415.7357271353246
26,2022-05-09 00:08:13.849172,20.84610565606138,104.33245334372704,415.7421352897112
27,2022-05-09 00:08:28.711554,20.12206292698308,104.94884831027385,415.75345532012517
28,2022-05-09 00:08:43.586842,19.394776014352505,105.55952971203378,415.7697682662815
29,2022-05-09 00:08:58.450056,18.66558367475409,106.16375420588717,415.7911663423348
30,2022-05-09 00:09:13.138231,17.942645267212324,106.75527586350407,415.8174308489208
31,2022-05-09 00:09:27.817384,17.2179349252985,107.34115363165124,415.848868916347
32,2022-05-09 00:09:42.753524,16.47840218029805,107.93211088407573,415.8862849277861
33,2022-05-09 00:09:57.421434,15.750155418211907,108.50763145693969,415.92845370259954
34,2022-05-09 00:10:12.338675,15.007630762493864,109.08826974154218,415.97694425450715
35,2022-05-09 00:10:27.019333,14.275084026638874,109.65537548288891,416.03027181677845
36,2022-05-09 00:10:41.695566,13.541085434877722,110.21825327937204,416.08922081613
37,2022-05-09 00:10:56.569744,12.79562517196887,110.78478951388279,416.1547871766902
38,2022-05-09 00:11:11.233385,12.059222366987301,111.33970228438616,416.2252352876738
39,2022-05-09 00:11:25.885128,11.322055265312203,111.89079759868356,416.30144681577366
40,2022-05-09 00:11:40.539850,10.583472549931367,112.43885776349796,416.3835485015451
41,2022-05-09 00:11:55.436829,9.831493669079533,112.99296543723054,416.4730774936265
42,2022-05-09 00:12:10.111686,9.089605298791508,113.53609336593341,416.56730395616813
43,2022-05-09 00:12:24.726253,8.349793500577013,114.07448930307439,416.66712428232717
44,2022-05-09 00:12:39.390351,7.606580656512723,114.61241821971842,416.7733126428264
45,2022-05-09 00:12:54.042855,6.8631144073789025,115.14786207382963,416.88547843170346
46,2022-05-09 00:13:08.683489,6.119534413088273,115.6809950654077,417.00361656423996
47,2022-05-09 00:13:23.552645,5.363690825496141,116.22074833546314,417.1298147213894
48,2022-05-09 00:13:38.421776,4.607273664037799,116.75899797203618,417.2622810029356
49,2022-05-09 00:13:53.346958,3.8475209466472844,117.29797382141355,417.4015465089589
50,2022-05-09 00:14:08.246684,3.088665184815786,117.83494162914346,417.5468604764093
51,2022-05-09 00:14:22.920348,2.341000056413038,118.36291629689562,417.69609510724376
52,2022-05-09 00:14:37.586083,1.593530603221326,118.88994692221722,417.85129382453556
53,2022-05-09 00:14:52.186268,0.8492592975874875,119.41417730701009,418.0117754382498
54,2022-05-09 00:15:06.796922,0.10440673033339717,119.9385260045176,418.1783025286838
55,2022-05-09 00:15:21.638064,-0.6521624090235159,120.47108481468356,418.35348623222745
56,2022-05-09 00:15:36.271511,-1.3980440505548137,120.99633995950211,418.5321215584275
57,2022-05-09 00:15:50.929384,-2.144979465419708,121.52281170638163,418.71687226615245
58,2022-05-09 00:16:05.564166,-2.8904651205840497,122.0489904646409,418.9070769748024
59,2022-05-09 00:16:20.439895,-3.6478656359480097,122.58458886722076,419.1062258146243
60,2022-05-09 00:16:35.277592,-4.40286695340108,123.11977185405091,419.3106192507967
61,2022-05-09 00:16:50.155507,-5.159393541864715,123.65759161928668,419.5212576716232
62,2022-05-09 00:17:04.802625,-5.903554054176062,124.18840731448805,419.73409416634854
63,2022-05-09 00:17:19.439327,-6.646486111459522,124.72038202848276,419.9521025243446
64,2022-05-09 00:17:34.085180,-7.3891407821636665,125.25446021363398,420.1754839322477
65,2022-05-09 00:17:48.704464,-8.129563321585787,125.78949723970246,420.40355820302284
66,2022-05-09 00:18:03.373730,-8.871574832457211,126.32852955841919,420.63742681846793
67,2022-05-09 00:18:18.016089,-9.611190156932226,126.86894083042132,420.8757530673577
68,2022-05-09 00:18:32.695535,-10.351578759348955,127.41332669757786,421.1194653047658
69,2022-05-09 00:18:47.362591,-11.090050331033998,127.95999729546747,421.3675869300708
70,2022-05-09 00:19:02.017866,-11.826655584958422,128.50926421742358,421.62001399547097
71,2022-05-09 00:19:16.652120,-12.56082899712859,129.0609795663436,421.8764244374294
72,2022-05-09 00:19:31.293799,-13.293872624935767,129.61640705158595,422.1371498448442
73,2022-05-09 00:19:45.913040,-14.024197801977374,130.17463080116207,422.4014973505784
74,2022-05-09 00:20:00.578379,-14.755143154643124,130.73851612502855,422.6705616255126
75,2022-05-09 00:20:15.463635,-15.495224854377982,131.31509159515863,422.9474682735734
76,2022-05-09 00:20:30.149598,-16.223485979464346,131.88836100967117,423.2242507857477
77,2022-05-09 00:20:44.818755,-16.94891140486831,132.4655893108714,423.5040920670355
78,2022-05-09 00:20:59.717059,-17.683524491482046,133.05681619965324,423.7915774211174
79,2022-05-09 00:21:14.340323,-18.402342856216713,133.64224153077933,424.076767933185
80,2022-05-09 00:21:29.006130,-19.120942492240996,134.2347285502022,424.36560532378695
81,2022-05-09 00:21:43.637448,-19.83541998196697,134.8314127032694,424.65637728055464
82,2022-05-09 00:21:58.315641,-20.549626129023522,135.43587709039969,424.9505061011279
83,2022-05-09 00:22:12.946128,-21.258841563127707,136.04449138694756,425.24589718407276
84,2022-05-09 00:22:27.617704,-21.967250389236842,136.66121538499905,425.544138067242
85,2022-05-09 00:22:42.275976,-22.67210376805155,137.2840655442176,425.84392644355717
86,2022-05-09 00:22:57.199242,-23.386554783429407,137.92531205857492,426.1507752708871
87,2022-05-09 00:23:11.837914,-24.084173564252005,138.5616230387961,426.45316923078593
88,2022-05-09 00:23:26.461388,-24.777774375998874,139.2047897815786,426.7564209589332
89,2022-05-09 00:23:41.297030,-25.47788517734161,139.86522411380116,427.06502640514503
90,2022-05-09 00:23:56.172555,-26.176185366756897,140.5358200455157,427.37521972319735
91,2022-05-09 00:24:10.829797,-26.860437685670046,141.20507048059474,427.68136311955953
92,2022-05-09 00:24:25.464340,-27.539717735255437,141.88201573128035,427.98730689136784
93,2022-05-09 00:24:40.092547,-28.214642282892665,142.56770697926848,428.2931688036124
94,2022-05-09 00:24:54.737571,-28.886103085517913,143.26355248460777,428.5992021321781
95,2022-05-09 00:25:09.650299,-29.5653136884461,143.98209620093752,428.9104125589593
96,2022-05-09 00:25:24.546711,-30.239044335292,144.71025910472883,429.220623695794
97,2022-05-09 00:25:39.206739,-30.897252796303242,145.43733918016372,429.5250225968762
98,2022-05-09 00:25:53.830696,-31.5489122041572,146.1733598966068,429.82757639276326
99,2022-05-09 00:26:08.679731,-32.2053323599372,146.93199112140258,430.1334138826108
100,2022-05-09 00:26:23.612067,-32.859901708904246,147.7067440274756,430.4393431863315
101,2022-05-09 00:26:38.500604,-33.506791345393566,148.49142227187212,430.7425016345148
102,2022-05-09 00:26:53.192460,-34.13930229911136,149.27806998203533,431.0395951398044
103,2022-05-09 00:27:08.124708,-34.77595792793293,150.0904740892052,431.33919437811676
104,2022-05-09 00:27:22.810939,-35.39581823862194,150.9025685744869,431.63131946365974
105,2022-05-09 00:27:37.491013,-36.00893864468779,151.72766001076593,431.92057850356
106,2022-05-09 00:27:52.163555,-36.614999410595736,152.56598124789716,432.2067063848999
107,2022-05-09 00:28:06.861895,-37.215135430986486,153.41985987924292,432.49013040378566
108,2022-05-09 00:28:21.521653,-37.80646154777198,154.2858922719796,432.7693848768942
109,2022-05-09 00:28:36.163990,-38.38961185399639,155.16561351038388,433.0446724007028
110,2022-05-09 00:28:50.851166,-38.96676026040915,156.06314794734004,433.3169275951822
111,2022-05-09 00:29:05.774033,-39.54490211559379,156.99097606831205,433.5893566773704
112,2022-05-09 00:29:20.497516,-40.106848771037,157.92244869794973,433.8537785776618
113,2022-05-09 00:29:35.170401,-40.658193216396946,158.86691276956694,434.11276189116484
114,2022-05-09 00:29:49.881780,-41.2019768758383,159.83039676766978,434.36766992054396
115,2022-05-09 00:30:04.581041,-41.73599567633225,160.80995916651375,434.6174089806302
116,2022-05-09 00:30:19.277819,-42.260286472304195,161.80651319346828,434.86194505415403
117,2022-05-09 00:30:33.970588,-42.77447276571152,162.82023449787457,435.10105783287565
118,2022-05-09 00:30:48.643315,-43.27766436458626,163.85020680350055,435.33429709015326
119,2022-05-09 00:31:03.514577,-43.77681364247496,164.9123384139069,435.5648394006361
120,2022-05-09 00:31:18.155342,-44.257217145522674,165.97618009744824,435.7858720882284
121,2022-05-09 00:31:32.795889,-44.72630451237576,167.05815914723948,436.0008167961056
122,2022-05-09 00:31:47.427726,-45.1834621148622,168.15780427448257,436.2093827068349
123,2022-05-09 00:32:02.082565,-45.629295677386864,169.27764320631704,436.4118407207434
124,2022-05-09 00:32:16.749755,-46.06305777838949,170.41699298447216,436.6078501101924
125,2022-05-09 00:32:31.428547,-46.48431702832441,171.57587823474628,436.7972217250368
126,2022-05-09 00:32:46.125115,-46.892825720068814,172.75482553545632,436.97985514731437
127,2022-05-09 00:33:01.019046,-47.29287184007305,173.96854466319334,437.15766447738986
128,2022-05-09 00:33:15.698061,-47.67302848805322,175.18332924158582,437.3255974146091
129,2022-05-09 00:33:30.378822,-48.03882385248083,176.41653203967982,437.4861484430227
130,2022-05-09 00:33:45.302859,-48.39551193423397,177.68865055930038,437.64163048879567
131,2022-05-09 00:33:59.974605,-48.73086724398921,178.9570999214988,437.7867524891533
132,2022-05-09 00:34:14.820951,-49.054388611637584,-179.74169575411779,437.9256743928968
133,2022-05-09 00:34:29.670420,-49.36166232040508,-178.42292437320603,438.05652377476525
134,2022-05-09 00:34:44.563687,-49.653076546062515,-177.08339847665573,438.17950588786965
135,2022-05-09 00:34:59.231985,-49.923315012848605,-175.7481848488901,438.2924438867589
136,2022-05-09 00:35:13.864888,-50.17597760376652,-174.40106241007132,438.3969183647542
137,2022-05-09 00:35:28.765790,-50.41555251759497,-173.0144979683063,438.4948023099185
138,2022-05-09 00:35:43.620970,-50.63626786454076,-171.61819604762854,438.58375423102683
139,2022-05-09 00:35:58.475754,-50.83858177597734,-170.20878626654215,438.66400834467476
140,2022-05-09 00:36:13.169249,-51.02031269125679,-168.80272068154602,438.7347619731306
141,2022-05-09 00:36:28.096506,-51.185939709364625,-167.36315348039082,438.7977856681367
142,2022-05-09 00:36:42.780387,-51.32995154073198,-165.93713855136943,438.8510168773104
143,2022-05-09 00:36:57.705023,-51.45688111519814,-164.47880377041184,438.8961607228511
144,2022-05-09 00:37:12.377707,-51.56236588329033,-163.0375367274831,438.9316915322535
145,2022-05-09 00:37:27.047231,-51.64854084886353,-161.5902394306065,438.9584075602879
146,2022-05-09 00:37:41.681914,-51.715161942265716,-160.14131469021268,438.97625612687557
147,2022-05-09 00:37:56.549932,-51.76294811650525,-158.66544118276386,438.9853621561146
148,2022-05-09 00:38:11.237763,-51.790391156567125,-157.20492788770534,438.98541009646635
149,2022-05-09 00:38:25.920186,-51.7981481067966,-155.7437513824188,438.97656265314794
150,2022-05-09 00:38:40.837898,-51.78586879675052,-154.25931197119695,438.95846529713504
151,2022-05-09 00:38:55.472103,-51.75409605347907,-152.8045413178025,438.9317988819831
152,2022-05-09 00:39:10.101022,-51.70285758852965,-151.35307660750595,438.8963350215947
153,2022-05-09 00:39:24.768196,-51.632013329337134,-149.90186894834483,438.8519601168691
154,2022-05-09 00:39:39.432844,-51.54179611422864,-148.45621447004194,438.79879402141563
155,2022-05-09 00:39:54.097920,-51.43233251730648,-147.0171054262511,438.73686664654207
156,2022-05-09 00:40:08.761211,-51.30380404065633,-145.58591237311506,438.66623103628103
157,2022-05-09 00:40:23.374816,-51.15691808833668,-144.16838712498662,438.5872130610998
158,2022-05-09 00:40:38.036095,-50.990920629849995,-142.75622670456113,438.4993488140629
159,2022-05-09 00:40:52.694339,-50.80653611844312,-141.35536284486875,438.40296596614064
160,2022-05-09 00:41:07.596067,-50.60047670967193,-139.94351331964526,438.2963063730195
161,2022-05-09 00:41:22.509315,-50.375769721591546,-138.54395188969804,438.1808917769945
162,2022-05-09 00:41:37.183053,-50.136916815999,-137.1807375266768,438.0589457293649
163,2022-05-09 00:41:51.841787,-49.88105729951723,-135.83351166042323,437.9289204814243
164,2022-05-09 00:42:06.556700,-49.607192066078575,-134.4964069093468,437.790240957416
165,2022-05-09 00:42:21.458422,-49.312839289919495,-133.15867016140146,437.6415911302476
166,2022-05-09 00:42:36.132597,-49.00660204250062,-131.85794141137032,437.48724572377756
167,2022-05-09 00:42:51.048372,-48.679056421502224,-130.55321539569803,437.32238783079896
168,2022-05-09 00:43:05.712832,-48.34140938174258,-129.2879731048343,437.15259453645126
169,2022-05-09 00:43:20.633221,-47.98236871324434,-128.018832942909,436.9721261296057
170,2022-05-09 00:43:35.332575,-47.61375764911066,-126.78675723040863,436.78686970061096
171,2022-05-09 00:43:50.261682,-47.22464917668806,-125.5541759376798,436.5912810912112
172,2022-05-09 00:44:04.979251,-46.82692940344971,-124.3577758395856,436.3912885927617
173,2022-05-09 00:44:19.917717,-46.40928208537884,-123.16247445288252,436.1811603533629
174,2022-05-09 00:44:34.624074,-45.98478916656873,-122.00457892689259,435.96744390807834
175,2022-05-09 00:44:49.353956,-45.546758320182974,-120.86360585685985,435.7467451253215
176,2022-05-09 00:45:04.209083,-45.09235011650376,-119.73189435332363,435.51760975735607
177,2022-05-09 00:45:19.057676,-44.625824075990735,-118.61960774580525,435.2821694236816
178,2022-05-09 00:45:33.928204,-44.146661817103514,-117.52454242799428,435.040155591091
179,2022-05-09 00:45:48.877441,-43.65329417208353,-116.4425416222059,434.7907748975268
180,2022-05-09 00:46:03.757346,-43.15098439546042,-115.38416839018683,434.53669665117144
181,2022-05-09 00:46:18.714533,-42.635117942603536,-114.33872394243974,434.2756038503848
182,2022-05-09 00:46:33.608821,-42.11091189948558,-113.31585216624954,434.0101620859808
183,2022-05-09 00:46:48.580674,-41.57374257868271,-112.30561048971542,433.73806360449436
184,2022-05-09 00:47:03.544032,-41.02697490449376,-111.31362770195445,433.46105423265266
185,2022-05-09 00:47:18.478636,-40.47173515236606,-110.34087872645098,433.17975475180197
186,2022-05-09 00:47:33.415471,-39.90722149711692,-109.38495470454092,432.8938168454485
187,2022-05-09 00:47:48.702836,-39.32027439572485,-108.42380338929019,432.59664568426285
188,2022-05-09 00:48:03.969991,-38.725183285113815,-107.48094865470549,432.29555820274953
189,2022-05-09 00:48:18.800760,-38.138843934852005,-106.58091602963019,431.999175947637
190,2022-05-09 00:48:33.662643,-37.543424995763836,-105.69434913068412,431.6985621085014
191,2022-05-09 00:48:48.600672,-36.93732229712732,-104.81835133062401,431.39300540528313
192,2022-05-09 00:49:03.482481,-36.32613560238319,-103.96029138108614,431.0854310663879
193,2022-05-09 00:49:18.344172,-35.70873924877757,-103.11764361495608,430.77537574355375
194,2022-05-09 00:49:33.603882,-35.06776234489419,-102.26684775225175,430.4542589866695
195,2022-05-09 00:49:48.876920,-34.41932329113663,-101.4294997865706,430.1303149047985
196,2022-05-09 00:50:03.762592,-33.780933526693765,-100.626656868788,429.81238772674993
197,2022-05-09 00:50:18.658980,-33.13601444580013,-99.83598311682448,429.49231524400193
198,2022-05-09 00:50:33.925832,-32.468981364912075,-99.03846641197856,429.16254672979426
199,2022-05-09 00:50:48.800974,-31.813384388435466,-98.27352892344246,428.8398083944771
200,2022-05-09 00:51:03.692664,-31.151637752160383,-97.519322757526,428.5155365381245
201,2022-05-09 00:51:18.536360,-30.486858900217626,-96.77874770237231,428.1914006971507
202,2022-05-09 00:51:33.476815,-29.812717256721506,-96.04424936657131,427.86447351972413
203,2022-05-09 00:51:48.336218,-29.137411028760596,-95.32422119726411,427.5388872265935
204,2022-05-09 00:52:03.547558,-28.441361054465116,-94.59764563098412,427.2054169429311
205,2022-05-09 00:52:18.388129,-27.75778289227138,-93.89862606276651,426.8801327538017
206,2022-05-09 00:52:33.651631,-27.05031867418952,-93.18951458513847,426.54591443845914
207,2022-05-09 00:52:48.593411,-26.353872302775667,-92.50491190808012,426.21944043293604
208,2022-05-09 00:53:03.534990,-25.65291542480184,-91.82863191594774,425.8935185095182
209,2022-05-09 00:53:18.472951,-24.948602412483066,-91.16131037319379,425.5688524862398
210,2022-05-09 00:53:33.751514,-24.22447766105407,-90.48727474097893,425.23812465595324
211,2022-05-09 00:53:49.005156,-23.49788470003872,-89.82256044885855,424.90952824964916
212,2022-05-09 00:54:03.941714,-22.78302668495713,-89.1793219142398,424.5895495725684
213,2022-05-09 00:54:19.131537,-22.05276470460002,-88.53262381130887,424.26619276126536
214,2022-05-09 00:54:34.315765,-21.31961981839968,-87.89337062541921,423.94526117628936
215,2022-05-09 00:54:49.497016,-20.583614382189268,-87.26114460632431,423.6269342522617
216,2022-05-09 00:55:04.345972,-19.860913740698763,-86.64911913032356,423.3182419064807
217,2022-05-09 00:55:19.522455,-19.11956463510685,-86.02983079385417,423.0057002519626
218,2022-05-09 00:55:34.708970,-18.37511071324783,-85.41615393038258,422.69616566013684
219,2022-05-09 00:55:49.511375,-17.647081202270265,-84.82351701177203,422.3977579984566
220,2022-05-09 00:56:04.343310,-16.91534839151699,-84.23491202335126,422.1022259379108
221,2022-05-09 00:56:19.202686,-16.180098139463002,-83.65018225525192,421.8098184982185
222,2022-05-09 00:56:34.040620,-15.443876509599988,-83.07101735953393,421.521696516051
223,2022-05-09 00:56:48.884117,-14.70543098302177,-82.49608963232052,421.2375045953397
224,2022-05-09 00:57:04.072606,-13.947941944235101,-81.91217744063626,420.9510852021049
225,2022-05-09 00:57:19.206539,-13.191372157418044,-81.3344992937383,420.6702752202489
226,2022-05-09 00:57:34.033706,-12.448497219378478,-80.77229371081239,420.39976356797524
227,2022-05-09 00:57:48.873826,-11.703458953588443,-80.21310137825606,420.1337484795803
228,2022-05-09 00:58:03.730106,-10.95619569599998,-79.65658631840331,419.87234529609447
229,2022-05-09 00:58:18.565076,-10.208663874137235,-79.1039052822606,419.6163528001798
230,2022-05-09 00:58:33.371324,-9.461358876220828,-78.5551118686659,419.36602477355274
231,2022-05-09 00:58:48.226081,-8.71047279840523,-78.00712759241942,419.12020394753324
232,2022-05-09 00:59:03.055950,-7.959777055555345,-77.46242760787267,418.8802407044387
233,2022-05-09 00:59:18.213639,-7.191517723058433,-76.90793322063247,418.6407390658214
234,2022-05-09 00:59:33.014623,-6.440473038522326,-76.36845441045978,418.41261580022046
235,2022-05-09 00:59:47.834936,-5.687670163383727,-75.82999754303928,418.189989184817
236,2022-05-09 01:00:02.993142,-4.917000963070785,-75.2808397728506,417.9683977348193
237,2022-05-09 01:00:18.168698,-4.14482603702323,-74.73242431471186,417.7528465278798
238,2022-05-09 01:00:33.008803,-3.3892008961239233,-74.1972409129806,417.5482432698758
239,2022-05-09 01:00:47.865089,-2.6323222185484734,-73.66236159084329,417.34962609737136
240,2022-05-09 01:01:02.705186,-1.8759413395383013,-73.12875653958079,417.1575098416269
241,2022-05-09 01:01:17.543150,-1.119415966076989,-72.59570462164189,416.97176846777256
242,2022-05-09 01:01:32.357806,-0.36391552923055637,-72.0637633825709,416.7927151380054
243,2022-05-09 01:01:47.499736,0.40835082105956905,-71.52014360487016,416.6163703185647
244,2022-05-09 01:02:02.343271,1.1653980899431253,-70.98709108655088,416.45008701294125
245,2022-05-09 01:02:17.178186,1.9219109817183275,-70.45400340110908,416.2904595984246
246,2022-05-09 01:02:32.024562,2.678840376026818,-69.91994422982664,416.1373061485461
247,2022-05-09 01:02:46.845027,3.4341745454586627,-69.38606772624792,415.9910343106307
248,2022-05-09 01:03:02.034972,4.207981002684816,-68.83787754785428,415.84799168122913
249,2022-05-09 01:03:16.930327,4.966336854767874,-68.29912005800661,415.7144964564138
250,2022-05-09 01:03:31.760085,5.720816895820762,-67.76135313512701,415.5882597844047
251,2022-05-09 01:03:46.597780,6.475080661055685,-67.22170548926161,415.46861485481304
252,2022-05-09 01:04:01.731142,7.243737749412438,-66.66937570407849,415.3534247995032
253,2022-05-09 01:04:16.544193,7.995177430331047,-66.12680245873841,415.24738033636356
254,2022-05-09 01:04:31.389477,8.747426983804978,-65.58076317031274,415.1477096605445
255,2022-05-09 01:04:46.567700,9.515555868045945,-65.01991519109325,415.05261545415993
256,2022-05-09 01:05:01.732642,10.281884514730315,-64.45675748949463,414.96444797101753
257,2022-05-09 01:05:16.572470,11.030607474283736,-63.90272609788331,414.88474719166277
258,2022-05-09 01:05:31.402339,11.777566109365402,-63.34592948339071,414.81154886285054
259,2022-05-09 01:05:46.230986,12.523086056430357,-62.78582921087854,414.7447479157153
260,2022-05-09 01:06:01.122367,13.270309398123631,-62.21972965205011,414.6840297522092
261,2022-05-09 01:06:15.954064,14.01295711702896,-61.652074520955196,414.6298290108574
262,2022-05-09 01:06:30.810906,14.75520140204314,-61.079374516140604,414.58173638879225
263,2022-05-09 01:06:45.642550,15.494419711243651,-60.50333005314426,414.5398335932546
264,2022-05-09 01:07:00.832410,16.24954567195959,-59.90864964783468,414.50315364406254
265,2022-05-09 01:07:15.727515,16.987980976254303,-59.3206209778004,414.4732168968409
266,2022-05-09 01:07:30.569290,17.721686791838554,-58.72959863986058,414.44922614362366
267,2022-05-09 01:07:45.407626,18.45299528092584,-58.13339085215489,414.43096366168163
268,2022-05-09 01:08:00.253063,19.182322167399334,-57.531296352008084,414.41830809760165
269,2022-05-09 01:08:15.070420,19.90780285084866,-56.924503477977154,414.41116287513506
270,2022-05-09 01:08:30.261181,20.648911259186153,-56.29605269398911,414.4094020200595
271,2022-05-09 01:08:45.433006,21.386266531530083,-55.66166538010518,414.41313391936774
272,2022-05-09 01:09:00.592823,22.120049712314735,-55.02079078274046,414.42220451775273
273,2022-05-09 01:09:15.437672,22.835576603404885,-54.386144896369714,414.4361230488656
274,2022-05-09 01:09:30.275610,23.54766049026498,-53.744483880954014,414.45487559068056
275,2022-05-09 01:09:45.116352,24.256610596871575,-53.095103927373465,414.4783290893778
276,2022-05-09 01:10:00.266436,24.976817419095795,-52.42402926541477,414.50696469671993
277,2022-05-09 01:10:15.469693,25.695821879941924,-51.74197417296676,414.5403075636024
278,2022-05-09 01:10:30.660025,26.410319146924984,-51.051524766802416,414.57806601092204
279,2022-05-09 01:10:45.840332,27.12027045564691,-50.352232763754216,414.62006786718285
280,2022-05-09 01:11:00.646029,27.808612340950695,-49.66090167612276,414.6649794445664
281,2022-05-09 01:11:15.460249,28.493147089199446,-48.959636603346915,414.7136540965758
282,2022-05-09 01:11:30.271458,29.173155989250684,-48.248644842875954,414.76589050491134
283,2022-05-09 01:11:45.080376,29.848479387765664,-47.527565268223256,414.8215207781981
284,2022-05-09 01:12:00.263800,30.53594943970078,-46.77727383706392,414.88191381121027
285,2022-05-09 01:12:15.087275,31.202093544492207,-46.033696804005494,414.9439765646117
286,2022-05-09 01:12:29.902502,31.862716355461647,-45.279219790462264,415.00889304724944
287,2022-05-09 01:12:44.712793,32.517749437098594,-44.51334009673857,415.0764976059209
288,2022-05-09 01:12:59.852717,33.18159938669361,-43.717972163575595,415.14822499791615
289,2022-05-09 01:13:14.714751,33.82736827931445,-42.92458765586701,415.2210286555221
290,2022-05-09 01:13:29.572879,34.46689169785347,-42.11853893828449,415.29600174208593
291,2022-05-09 01:13:44.421357,35.09969798320016,-41.29976437218139,415.3729330577842
292,2022-05-09 01:13:59.231097,35.72433983076934,-40.469540127311305,415.45148371579086
293,2022-05-09 01:14:14.070616,36.343448541421566,-39.62366717068027,415.5318345267056
294,2022-05-09 01:14:29.253612,36.96958806882756,-38.74332034005868,415.6155601996885
295,2022-05-09 01:14:44.442544,37.588291039120726,-37.84715540777814,415.70066022239195
296,2022-05-09 01:14:59.623603,38.19870801972613,-36.935565409392844,415.7868669823447
297,2022-05-09 01:15:14.803108,38.80078959352047,-36.00778405623469,415.8740245140354
298,2022-05-09 01:15:29.999884,39.39493515398116,-35.062261023726904,415.9620503856291
299,2022-05-09 01:15:45.181284,39.979567528968616,-34.100587027193434,416.05057182639536
300,2022-05-09 01:16:00.018504,40.541993162743424,-33.14386319048409,416.13746900059374
301,2022-05-09 01:16:14.823247,41.094056608792066,-32.172258320592185,416.2243824169512
302,2022-05-09 01:16:30.010208,41.650539239845166,-31.157621743450257,416.3135751516635
303,2022-05-09 01:16:44.900040,42.1861211850169,-30.144856613362105,416.4008862395862
304,2022-05-09 01:16:59.699942,42.70829117031727,-29.120268862445837,416.4873692141096
305,2022-05-09 01:17:14.527714,43.22089914130995,-28.075567265296105,416.5735494371398
306,2022-05-09 01:17:29.337833,43.722014947972006,-27.01365204254413,416.6590054633348
307,2022-05-09 01:17:44.147504,44.21186587068192,-25.933105390698426,416.74368069300414
308,2022-05-09 01:17:58.974969,44.690645336870425,-24.832394455188933,416.8275225310102
309,2022-05-09 01:18:14.132577,45.16761659612049,-23.687515579420957,416.9121060783156
310,2022-05-09 01:18:28.972474,45.6220008581641,-22.547199194164254,416.9936689008952
311,2022-05-09 01:18:43.817029,46.06364494826938,-21.387254254359313,417.07387397716366
312,2022-05-09 01:18:58.634926,46.49125290824771,-20.210113940525442,417.15241740633087
313,2022-05-09 01:19:13.773158,46.91401510952742,-18.98766772748779,417.2309514063253
314,2022-05-09 01:19:28.615360,47.314269072247136,-17.76971269671846,417.30614060117136
315,2022-05-09 01:19:43.437297,47.69949662383541,-16.53435508789347,417.379312521673
316,2022-05-09 01:19:58.291323,48.07062334342809,-15.277423016547973,417.45059912166107
317,2022-05-09 01:20:13.133703,48.42612392123532,-14.0028101899234,417.5196694686035
318,2022-05-09 01:20:27.968129,48.7657080619233,-12.710572963553338,417.586430987361
319,2022-05-09 01:20:43.157114,49.09670638140667,-11.36887583419691,417.6523228915676
320,2022-05-09 01:20:57.994847,49.4033317344862,-10.040530806261472,417.71417733558656
321,2022-05-09 01:21:12.807160,49.69255967984444,-8.697603339121383,417.7733484250246
322,2022-05-09 01:21:27.952685,49.970481340092256,-7.307661997813454,417.8310930356394
323,2022-05-09 01:21:43.148269,50.23083299741091,-5.896812264093266,417.886132880182
324,2022-05-09 01:21:58.323601,50.47199081558127,-4.4723268256545285,417.9381187688507
325,2022-05-09 01:22:13.130854,50.68880421925158,-3.0683320704184043,417.9858943104431
326,2022-05-09 01:22:27.974683,50.887507424909295,-1.6478399669308395,418.03079392317215
327,2022-05-09 01:22:42.842537,51.067523921088494,-0.21299405911131475,418.0726960509821
328,2022-05-09 01:22:57.770560,51.2288607324338,1.2387307997508974,418.11161767794533
329,2022-05-09 01:23:13.041304,51.373525174420514,2.734099323621981,418.14811208368747
330,2022-05-09 01:23:28.274421,51.497068482938374,4.234901745938677,418.1811205107891
331,2022-05-09 01:23:43.118724,51.59730839600011,5.704820290795317,418.20998057959014
332,2022-05-09 01:23:58.357021,51.6793571132886,7.220057999595391,418.23617750764134
333,2022-05-09 01:24:13.631994,51.74026586991331,8.743941363227284,418.2589211933695
334,2022-05-09 01:24:28.474666,51.778887076850744,10.228081247176089,418.27762628762673
335,2022-05-09 01:24:43.397317,51.797219864994126,11.722168317490532,418.2930432452603
336,2022-05-09 01:24:58.656866,51.794683353417554,13.250512934561215,418.3052846862261
337,2022-05-09 01:25:13.874303,51.770726763720425,14.773729666437612,418.31394179704125
338,2022-05-09 01:25:28.799628,51.72648418897316,16.265349163286587,418.31899210411217
339,2022-05-09 01:25:43.719534,51.66179750863805,17.75267715752775,418.32064538339876
340,2022-05-09 01:25:58.638703,51.57676119699724,19.234869425193104,418.3189207156962
341,2022-05-09 01:26:13.906540,51.468812812437584,20.744998649854672,418.31368244392013
342,2022-05-09 01:26:28.750001,51.34373966679931,22.205387847672167,418.3052507416338
343,2022-05-09 01:26:43.592505,51.19903041050815,23.656791244956693,418.29356289787006
344,2022-05-09 01:26:58.505994,51.034070846519825,25.10497277269666,418.2785805557748
345,2022-05-09 01:27:13.699922,50.84611107457556,26.568724770858413,418.2600274668889
346,2022-05-09 01:27:28.902828,50.63822240145845,28.020500807022398,418.23819653492137
347,2022-05-09 01:27:43.731656,50.416659576718494,29.42313520374227,418.21381551217445
348,2022-05-09 01:27:58.599102,50.17620661803245,30.815230457430413,418.1863751795074
349,2022-05-09 01:28:13.507390,49.91701873133127,32.196034963099585,418.15591857860875
350,2022-05-09 01:28:28.369748,49.64096956806759,33.55674443954833,418.12270144687324
351,2022-05-09 01:28:43.269279,49.34689265080419,34.90432894565392,418.08662217603484
352,2022-05-09 01:28:58.522284,49.028257282013776,36.266094315312266,418.04689678054234
353,2022-05-09 01:29:13.433805,48.699960834115586,37.57943004611221,418.0054275193911
354,2022-05-09 01:29:28.685406,48.34742241618599,38.9038844179578,417.96042353923417
355,2022-05-09 01:29:43.652551,47.98540214584322,40.184737913038575,417.9138202768581
356,2022-05-09 01:29:58.546228,47.60978648685618,41.44040465426187,417.86515825507877
357,2022-05-09 01:30:13.469059,47.21847216169122,42.67937724081761,417.8142269232881
358,2022-05-09 01:30:28.389518,46.81265696097434,43.89882598142529,417.761246486039
359,2022-05-09 01:30:43.324979,46.39226208340627,45.100043470942225,417.7062759815053
360,2022-05-09 01:30:58.591488,45.94835683344005,46.30762883620732,417.6482219300001
361,2022-05-09 01:31:13.492359,45.50163103710914,47.46663527914184,417.58987016697984
362,2022-05-09 01:31:28.781843,45.029901548962165,48.63565297795318,417.52841102004874
363,2022-05-09 01:31:44.077205,44.544881344342144,49.78475341638132,417.46547058023384
364,2022-05-09 01:31:59.274577,44.05039225331248,50.906492433455526,417.40164150150247
365,2022-05-09 01:32:14.525363,43.54199570873703,52.01228339014014,417.3364534898259
366,2022-05-09 01:32:29.251305,43.039922313673095,53.061297248430705,417.2725834132858
367,2022-05-09 01:32:43.957304,42.52790957859228,54.09082759896519,417.20803886443446
368,2022-05-09 01:32:58.661981,42.005704480640716,55.102431969854074,417.14289332887165
369,2022-05-09 01:33:13.581232,41.465774706412624,56.110850501264245,417.0763354191291
370,2022-05-09 01:33:28.252565,40.925224775613835,57.08519435272096,417.0105865439878
371,2022-05-09 01:33:43.175153,40.3660052974908,58.058919780556344,416.9435736541173
372,2022-05-09 01:33:57.850139,39.80712898611892,58.999802492998114,416.8776985503578
373,2022-05-09 01:34:12.492354,39.24098020772516,59.92243136743285,416.81215781190764
374,2022-05-09 01:34:27.163003,38.665479757084626,60.83104459421961,416.74683812172
375,2022-05-09 01:34:42.009947,38.0749863702749,61.73477838041067,416.6812601646956
376,2022-05-09 01:34:56.893668,37.47515829240233,62.62519366510867,416.61622197659574
377,2022-05-09 01:35:11.551366,36.87700775781186,63.48724859885191,416.5530267534902
378,2022-05-09 01:35:26.213053,36.27158184638312,64.33518297663186,416.4908310618528
379,2022-05-09 01:35:41.117060,35.64914302892004,65.18277566318241,416.4288242682933
380,2022-05-09 01:35:55.788973,35.02973794084526,66.00342958085997,416.36915063071484
381,2022-05-09 01:36:10.452593,34.40432864944209,66.81037078666989,416.3110360182307
382,2022-05-09 01:36:25.388820,33.76101204141592,67.61907294704812,416.25358340596114
383,2022-05-09 01:36:40.089279,33.12188950989266,68.4023446003343,416.19892575068997
384,2022-05-09 01:36:54.800694,32.476586233076695,69.17400391715695,416.14627179826056
385,2022-05-09 01:37:09.672593,31.818685575476522,69.94202835477597,416.0952958860874
386,2022-05-09 01:37:24.352350,31.163988776496595,70.6886414295515,416.04736596456615
387,2022-05-09 01:37:39.041612,30.5038340975719,71.42463702626866,416.0019476836537
388,2022-05-09 01:37:53.893506,29.8314104790351,72.15789557649629,415.95877741379076
389,2022-05-09 01:38:08.506843,29.165152625840108,72.86899294934115,415.9191658132071
390,2022-05-09 01:38:23.172112,28.492049765940344,73.57264520563106,415.8824287692852
391,2022-05-09 01:38:38.021978,27.80610082956192,74.27530075268214,415.84846993751466
392,2022-05-09 01:38:52.909231,27.11418516556437,74.97011531770289,415.8178608546944
393,2022-05-09 01:39:07.571680,26.428723382501833,75.64537568523104,415.7912316305183
394,2022-05-09 01:39:22.225377,25.739885453331897,76.31155378563716,415.76825814310206
395,2022-05-09 01:39:36.893342,25.046733242332884,76.97001348665415,415.7490541397412
396,2022-05-09 01:39:51.539323,24.351151652688046,77.61942363492949,415.73380929534534
397,2022-05-09 01:40:06.183605,23.652305427142476,78.261028621584,415.72263379224256
398,2022-05-09 01:40:20.836839,22.94984388565326,78.8955678637712,415.715660972481
399,2022-05-09 01:40:35.510555,22.243329005666766,79.52382147126472,415.7130328480297
400,2022-05-09 01:40:50.112501,21.537352655391047,80.14215952825697,415.7148734447373
401,2022-05-09 01:41:04.772643,20.825784715061115,80.75635730614222,415.72131952257234
402,2022-05-09 01:41:19.389103,20.11367496865499,81.36242440181005,415.7324553066948
403,2022-05-09 01:41:34.068836,19.395917593966324,81.96506340208983,415.74849083165094
404,2022-05-09 01:41:48.720249,18.677132505404835,82.56073131505833,415.76945680608986
405,2022-05-09 01:42:03.602568,17.94464824943684,83.16013350184492,415.79594086096216
406,2022-05-09 01:42:18.497158,17.209291389691007,83.7545870488791,415.8277905613957
407,2022-05-09 01:42:33.131393,16.484709618428813,84.33358626816735,415.86439053690526
408,2022-05-09 01:42:47.795117,15.756682702104612,84.90898788271959,415.90643677769793
409,2022-05-09 01:43:02.686675,15.015443030082688,85.48867984184434,415.9547308152558
410,2022-05-09 01:43:17.342550,14.2841450236291,86.0548825718906,416.00785166911515
411,2022-05-09 01:43:31.988575,13.551692405860274,86.61664446483935,416.0665546300693
412,2022-05-09 01:43:46.627998,12.81801108170648,87.17433777094686,416.13091675452864
413,2022-05-09 01:44:01.263073,12.083083559422803,87.72828179987019,416.20100867621903
414,2022-05-09 01:44:15.901213,11.346652915687459,88.27896619541758,416.27692403841655
415,2022-05-09 01:44:30.542544,10.608767749835353,88.82664232054667,416.35872621441115
416,2022-05-09 01:44:45.160626,9.870913003419998,89.37050180662908,416.44629769925365
417,2022-05-09 01:44:59.830041,9.12936640271616,89.91356010912543,416.54015033210516
418,2022-05-09 01:45:14.732240,8.375024166781921,90.46266888062183,416.6416565120075
419,2022-05-09 01:45:29.417559,7.630750252948943,91.00145978118206,416.74779214440116
420,2022-05-09 01:45:44.307069,6.875282935440655,91.54561046153054,416.861619025758
421,2022-05-09 01:45:58.979685,6.13008792618467,92.07993639350859,416.97992589783837
422,2022-05-09 01:46:13.617418,5.386003547809648,92.61133630453207,417.1040372785678
423,2022-05-09 01:46:28.253908,4.641438428837029,93.14121772074459,417.2342146936462
424,2022-05-09 01:46:42.868633,3.897508829350718,93.66905082277569,417.37026077575103
425,2022-05-09 01:46:57.489933,3.15285215809859,94.19606311677829,417.51242144254326
426,2022-05-09 01:47:12.140474,2.4063937288412727,94.72326789661875,417.6609239022854
427,2022-05-09 01:47:26.754730,1.661556006616275,95.24850443555414,417.8150769519168
428,2022-05-09 01:47:41.628600,0.9033473485481122,95.78258816024677,417.9781082896444
429,2022-05-09 01:47:56.272517,0.15678373145328864,96.3081542432481,418.1446386937918
430,2022-05-09 01:48:10.924923,-0.5901826249126743,96.83394744362992,418.31719521976856
431,2022-05-09 01:48:25.588872,-1.337630465011979,97.36027833222113,418.49577747485756
432,2022-05-09 01:48:40.262496,-2.085394475969656,97.8872868593088,418.6803221395506
433,2022-05-09 01:48:55.169596,-2.8447662392103057,98.4232065564309,418.8737189492301
434,2022-05-09 01:49:09.813679,-3.590353004101587,98.95037422328384,419.0694333246049
435,2022-05-09 01:49:24.472585,-4.336360061056511,99.47906783256938,419.270992233464
436,2022-05-09 01:49:39.122604,-5.081346017403967,100.00852512792703,419.47795000656987
437,2022-05-09 01:49:53.798548,-5.827038040164241,100.54023671464104,419.6907294845312
438,2022-05-09 01:50:08.692247,-6.583111895946392,101.08141586645479,419.91215878710216
439,2022-05-09 01:50:23.362391,-7.327063134724547,101.61622158010135,420.13556563568267
440,2022-05-09 01:50:37.998109,-8.068390518222941,102.15168896067755,420.3635738824898
441,2022-05-09 01:50:52.669066,-8.810580168411768,102.6906056947188,420.5971681727012
442,2022-05-09 01:51:07.374471,-9.553466630548028,103.23314580975502,420.8362408823997
443,2022-05-09 01:51:22.323898,-10.307524593276117,103.7873347775639,421.0842112434824
444,2022-05-09 01:51:37.015636,-11.047361620068655,104.33479115615853,421.3326164795597
445,2022-05-09 01:51:51.712546,-11.78614523717231,104.88544960467661,421.58563681402893
446,2022-05-09 01:52:06.632615,-12.534711649734128,105.44777808185097,421.84698357390755
447,2022-05-09 01:52:21.321939,-13.270180685560948,106.0048830714452,422.10854563833067
448,2022-05-09 01:52:35.994741,-14.003259563525505,106.56505848879502,422.3738881666247
449,2022-05-09 01:52:50.691856,-14.735840885913142,107.13005851788394,422.64357418683113
450,2022-05-09 01:53:05.622618,-15.478237606928046,107.70829398613175,422.9213865574459
451,2022-05-09 01:53:20.318958,-16.207059949032967,108.28186696075124,423.1984370186783
452,2022-05-09 01:53:35.002572,-16.93325721808481,108.85956893790707,423.4786415254108
453,2022-05-09 01:53:49.687835,-17.657420081050365,109.4421911324047,423.7620834873451
454,2022-05-09 01:54:04.602605,-18.390641741850626,110.03915929504254,424.0530537964884
455,2022-05-09 01:54:19.240946,-19.107935159772346,110.6304418515033,424.3414714776261
456,2022-05-09 01:54:33.912127,-19.824403110103088,111.22865745939536,424.6331671130946
457,2022-05-09 01:54:48.815097,-20.549571625409918,111.84233594590498,424.9319637074329
458,2022-05-09 01:55:03.453975,-21.259197785722364,112.45130486751795,425.2277077324268
459,2022-05-09 01:55:18.362686,-21.979035503140793,113.0780583223106,425.53097600826976
460,2022-05-09 01:55:33.046847,-22.68508278410546,113.70213025942942,425.8315145944945
461,2022-05-09 01:55:47.905723,-23.396419309721527,114.34074484958987,426.13726898917986
462,2022-05-09 01:56:02.532702,-24.093429222911467,114.97664220148502,426.43963308313766
463,2022-05-09 01:56:17.197486,-24.788971632625227,115.62176918704805,426.7439729017985
464,2022-05-09 01:56:31.848733,-25.480316931590817,116.27404586569868,427.0489437457554
465,2022-05-09 01:56:46.515681,-26.16885127952254,116.93522076571145,427.3550005683877
466,2022-05-09 01:57:01.179008,-26.85341704828365,117.6046484714684,427.6614752709696
467,2022-05-09 01:57:15.860437,-27.534912772325008,118.28369000188182,427.96861699819794
468,2022-05-09 01:57:30.486594,-28.209772391953365,118.96921950490453,428.2746564545965
469,2022-05-09 01:57:45.145522,-28.881920685883433,119.66568323905332,428.58121583567663
470,2022-05-09 01:57:59.827381,-29.550680133930687,120.37296299243489,428.88784393861874
471,2022-05-09 01:58:14.743122,-30.225385387407226,121.10184766915573,429.1987085174646
472,2022-05-09 01:58:29.375896,-30.882477779859318,121.82735112411525,429.50279813194277
473,2022-05-09 01:58:44.022527,-31.5352551686428,122.56427332234894,429.80608404925215
474,2022-05-09 01:58:58.650949,-32.18207708844594,123.31131795691066,430.1076619739513
475,2022-05-09 01:59:13.329635,-32.82577135018362,124.07238919588474,430.4087146491602
476,2022-05-09 01:59:28.235562,-33.47372981550945,124.85735259386216,430.7125861119112
477,2022-05-09 01:59:42.882489,-34.10461308427329,125.64092088302614,431.0091326436708
478,2022-05-09 01:59:57.507146,-34.72856234339111,126.43576536469872,431.3029734643978
479,2022-05-09 02:00:12.191779,-35.34885316951996,127.24679031240711,431.59552983252945
480,2022-05-09 02:00:27.116508,-35.97262881073537,128.08467866868543,431.89006169993627
481,2022-05-09 02:00:41.751940,-36.57758425616278,128.92005713224157,432.17592032227884
482,2022-05-09 02:00:56.384151,-37.17548002715418,129.76918918627675,432.4585477782607
483,2022-05-09 02:01:11.052423,-37.76764744039013,130.63477448046717,432.7384707908854
484,2022-05-09 02:01:25.749376,-38.353452952950356,131.51680354072403,433.01529210330955
485,2022-05-09 02:01:40.391334,-38.929340360550206,132.41062082473317,433.2872400499687
486,2022-05-09 02:01:55.075695,-39.49884224837776,133.32246566323465,433.55589749726266
487,2022-05-09 02:02:09.732588,-40.05895823095487,134.24838586510168,433.81976959636546
488,2022-05-09 02:02:24.400280,-40.61086256459322,135.19110185001927,434.07933757679973
489,2022-05-09 02:02:39.076342,-41.15414568449658,136.1508249883125,434.334341936998
490,2022-05-09 02:02:53.762956,-41.68855306168772,137.12804020785057,434.5846028407681
491,2022-05-09 02:03:08.677669,-42.22143575642641,138.13793372916984,434.8334943719881
492,2022-05-09 02:03:23.324692,-42.73478788999207,139.147156506911,435.0725633474814
493,2022-05-09 02:03:37.992415,-43.23862873911974,140.1754016073958,435.3064552175344
494,2022-05-09 02:03:52.859118,-43.73848122653783,141.23577440876437,435.53768446742356
495,2022-05-09 02:04:07.730863,-44.2272547535731,142.31507745020212,435.76292858024664
496,2022-05-09 02:04:22.612565,-44.70471726130502,143.41388497891128,435.98206092002516
497,2022-05-09 02:04:37.277603,-45.16345127999903,144.51518999424704,436.19168534840003
498,2022-05-09 02:04:51.942670,-45.610134949059024,145.63500100281695,436.39486996914576
499,2022-05-09 02:05:06.855736,-46.0516194402607,146.79278665056495,436.5947089282517
500,2022-05-09 02:05:21.554314,-46.473784463095996,147.95274156645468,436.784815599495
501,2022-05-09 02:05:36.475450,-46.88878025853966,149.14937816985605,436.97067508088804
502,2022-05-09 02:05:51.112819,-47.282195107355925,150.34184291724378,437.14585908736507
503,2022-05-09 02:06:05.747661,-47.66163134324042,151.55247876258096,437.31380787455845
504,2022-05-09 02:06:20.424181,-48.02776524188788,152.78475635883643,437.4748455311332
505,2022-05-09 02:06:35.284934,-48.38343993975294,154.05087804651146,437.63023182172077
506,2022-05-09 02:06:49.973923,-48.719723468352306,155.32022121114736,437.77610033283395
507,2022-05-09 02:07:04.662559,-49.04042465630591,156.6069130552715,437.91416235885174
508,2022-05-09 02:07:19.572779,-49.34965012949681,157.9303408401269,438.04620427515545
509,2022-05-09 02:07:34.476717,-49.64194980443366,159.27018261196653,438.16991985479433
510,2022-05-09 02:07:49.158719,-49.91310866039104,160.6060549946621,438.2835973682179
511,2022-05-09 02:08:03.868075,-50.167710143497075,161.95964259787982,438.38922706447374
512,2022-05-09 02:08:18.555938,-50.40458129234909,163.32582680001573,438.4863667118925
513,2022-05-09 02:08:33.491919,-50.627323831010905,164.7291272861426,438.57651049029397
514,2022-05-09 02:08:48.373121,-50.83076249397779,166.14050217129903,438.657582737467
515,2022-05-09 02:09:03.083514,-51.013444789704586,167.5477189898585,438.72907640408124
516,2022-05-09 02:09:18.015345,-51.17987535207208,168.9873290859268,438.792785102535
517,2022-05-09 02:09:32.682547,-51.32447785809162,170.411357199761,438.84661459417424
518,2022-05-09 02:09:47.357853,-51.45022132006676,171.84492110454605,438.8917440269478
519,2022-05-09 02:10:02.048977,-51.55695826307483,173.28795474627702,438.92813901698014
520,2022-05-09 02:10:16.774140,-51.644495013554554,174.74008945976112,438.95574154960866
521,2022-05-09 02:10:31.640666,-51.71305072770178,176.21172206604055,438.97458577837256
522,2022-05-09 02:10:46.330793,-51.76110678246,177.6698965477154,438.9842722536166
523,2022-05-09 02:11:01.012845,-51.78950123167155,179.1296961712209,438.9850638131689
524,2022-05-09 02:11:15.703767,-51.798226276594576,-179.40831986555511,438.9769542233799
525,2022-05-09 02:11:30.357202,-51.78729677543346,-177.95013526609844,438.9599948479288
526,2022-05-09 02:11:45.044658,-51.756682965187096,-176.48994537030143,438.93411315709795
527,2022-05-09 02:11:59.712678,-51.70651381369889,-175.03437281101097,438.89940440863376
528,2022-05-09 02:12:14.398154,-51.636746943704715,-173.5811010231084,438.8558063826205
529,2022-05-09 02:12:29.342680,-51.54578575656409,-172.10755878663096,438.8023777345811
530,2022-05-09 02:12:44.008876,-51.4370816692356,-170.66805003769286,438.7410965088835
531,2022-05-09 02:12:58.676674,-51.30927279995678,-169.23610296611182,438.6710863150236
532,2022-05-09 02:13:13.356333,-51.16242541834759,-167.81179416970738,438.5923323577091
533,2022-05-09 02:13:27.992281,-50.997384128844274,-166.40170444769197,438.5052253342278
534,2022-05-09 02:13:42.667238,-50.81345567954779,-164.99882268097411,438.4093374519135
535,2022-05-09 02:13:57.538327,-50.60849653947683,-163.58942758118656,438.3035111573499
536,2022-05-09 02:14:12.232368,-50.387893739144836,-162.20979939087917,438.19046221278217
537,2022-05-09 02:14:26.893312,-50.15018260879158,-160.8470478729744,438.0693548158101
538,2022-05-09 02:14:41.799912,-49.890783239493054,-159.4763506159909,437.9377989195573
539,2022-05-09 02:14:56.490293,-49.618009138692706,-158.1408976695214,437.7999422614983
540,2022-05-09 02:15:11.400566,-49.32412331383135,-156.80175732092786,437.65180384940965
541,2022-05-09 02:15:26.085076,-49.018274004522176,-155.49948434222046,437.4979266144202
542,2022-05-09 02:15:40.948219,-48.69250216285148,-154.19867763360529,437.3342378495899
543,2022-05-09 02:15:55.879914,-48.349198638470206,-152.9098222016999,437.1618787975523
544,2022-05-09 02:16:10.560300,-47.996395191323295,-151.66055712249977,436.9848193009688
545,2022-05-09 02:16:25.259811,-47.62834328680523,-150.4277473959774,436.80011727998965
546,2022-05-09 02:16:39.938121,-47.24645216329083,-149.2150297400233,436.60842936350747
547,2022-05-09 02:16:54.628631,-46.850240546730134,-148.01975204968565,436.409468458542
548,2022-05-09 02:17:09.312434,-46.44060181794186,-146.84358725833843,436.20364313409044
549,2022-05-09 02:17:23.992893,-46.017853334885466,-145.68633590427518,435.99107894059085
550,2022-05-09 02:17:38.928711,-45.574599803275014,-144.52809472106867,435.7680250567413
551,2022-05-09 02:17:54.187114,-45.10847441937442,-143.36469318149085,435.53325746958575
552,2022-05-09 02:18:09.137552,-44.63913988403123,-142.24418918735967,435.29666428036796
553,2022-05-09 02:18:24.004673,-44.16041894123528,-141.1488412628852,435.05513259024525
554,2022-05-09 02:18:38.977844,-43.6665805472179,-140.0645973676786,434.80577145950974
555,2022-05-09 02:18:53.955462,-43.16123088603356,-138.99883397032946,434.5504087463691
556,2022-05-09 02:19:08.914474,-42.64553060361706,-137.9529204840643,434.2896485054742
557,2022-05-09 02:19:23.874118,-42.11920768310352,-136.92523362223153,434.0233790012713
558,2022-05-09 02:19:38.917682,-41.579596620693785,-135.90991131640823,433.7502846931881
559,2022-05-09 02:19:53.894910,-41.03242512965372,-134.9168318226287,433.4733064268374
560,2022-05-09 02:20:08.765357,-40.4796796086185,-133.94805099064462,433.19350039565325
561,2022-05-09 02:20:24.059055,-39.901705771914706,-132.9692585508695,432.90097749379873
562,2022-05-09 02:20:39.317969,-39.31577701812885,-132.01004918760393,432.6045518493728
563,2022-05-09 02:20:54.183779,-38.73636284318077,-131.09186998098778,432.31161346498544
564,2022-05-09 02:21:09.448927,-38.13291203692524,-130.1654387911653,432.006801196494
565,2022-05-09 02:21:24.728175,-37.52058208327171,-129.2543497501276,431.69787633300564
566,2022-05-09 02:21:39.632695,-36.915547439304774,-128.38084358366368,431.3930838578129
567,2022-05-09 02:21:54.552888,-36.302532481948,-127.52112996261036,431.084815225464
568,2022-05-09 02:22:09.489393,-35.68175489450109,-126.67483249725076,430.77329028382127
569,2022-05-09 02:22:24.402021,-35.05513578851797,-125.84381274536847,430.4595872321013
570,2022-05-09 02:22:39.666674,-34.406926860581144,-125.00720055909947,430.135972431696
571,2022-05-09 02:22:54.577290,-33.767347027617475,-124.20328272238216,429.8176605981838
572,2022-05-09 02:23:09.504312,-33.120964315740025,-123.41125634253382,429.4970703340875
573,2022-05-09 02:23:24.379718,-32.470989000301174,-122.63432736575228,429.17592526166163
574,2022-05-09 02:23:39.644935,-31.798136278713987,-121.84944241342193,428.8448850134766
575,2022-05-09 02:23:54.908138,-31.119705179608854,-121.07685644618434,428.51266765547985
576,2022-05-09 02:24:09.759283,-30.45433630477542,-120.33643033998978,428.18848975692566
577,2022-05-09 02:24:24.708256,-29.779570017948867,-119.60203791825155,427.86151010994445
578,2022-05-09 02:24:39.632266,-29.101089063711807,-118.8794146715182,427.53465048233824
579,2022-05-09 02:24:54.513654,-28.419946186090193,-118.16902450016786,427.20856213182066
580,2022-05-09 02:25:09.436800,-27.732434232042397,-117.46646338972191,426.88162980281305
581,2022-05-09 02:25:24.734692,-27.023195152798145,-116.75609950376958,426.5468124393625
582,2022-05-09 02:25:40.003964,-26.31100256875837,-116.05668371279776,426.2132297842879
583,2022-05-09 02:25:55.280677,-25.59432986246689,-115.36615927913948,425.8803382541823
584,2022-05-09 02:26:10.277374,-24.886943900990495,-114.69694335971447,425.5546307800652
585,2022-05-09 02:26:25.549502,-24.16280037425725,-114.02390058865329,425.22429006348506
586,2022-05-09 02:26:40.496526,-23.450558565048322,-113.37314672263973,424.9025457590249
587,2022-05-09 02:26:55.379660,-22.738052040047634,-112.73268982357092,424.5839466355616
588,2022-05-09 02:27:10.232386,-22.023828543863527,-112.10070145004808,424.26797691835014
589,2022-05-09 02:27:25.092831,-21.306231119820787,-111.47528071733716,423.95405903582497
590,2022-05-09 02:27:39.900440,-20.58832593932969,-110.85865737452023,423.64367903152066
591,2022-05-09 02:27:54.722526,-19.866959680584348,-110.24769952133637,423.3356188459491
592,2022-05-09 02:28:09.905188,-19.125339067191035,-109.62811769113453,423.0230172238563
593,2022-05-09 02:28:25.079182,-18.381526371454054,-109.01490440970316,422.71379623420324
594,2022-05-09 02:28:40.262342,-17.634766078983052,-108.40704937563468,422.40780685574
595,2022-05-09 02:28:55.099549,-16.902734498557006,-107.81832114227376,422.1123007907211
596,2022-05-09 02:29:09.940103,-16.168389691441444,-107.2344194465204,421.8203951437308
597,2022-05-09 02:29:24.803012,-15.430886229532991,-106.65434966051718,421.5319114592907
598,2022-05-09 02:29:39.643512,-14.692566744601363,-106.07962197111486,421.24790832699466
599,2022-05-09 02:29:54.493354,-13.95195399396626,-105.50875258761282,420.967949843238
600,2022-05-09 02:30:09.302053,-13.21167684487346,-104.943431663384,420.6931481597953
601,2022-05-09 02:30:24.202093,-12.465196252602697,-104.37837732203731,420.421232881182
602,2022-05-09 02:30:39.005314,-11.722049693889913,-103.82049899670925,420.1558014702406
603,2022-05-09 02:30:53.820037,-10.976910219222084,-103.2654559392343,419.89502722426914
604,2022-05-09 02:31:08.631374,-10.230616173731732,-102.71357979975511,419.6393244823265
605,2022-05-09 02:31:23.494088,-9.480495913321118,-102.16262064674986,419.387916965569
606,2022-05-09 02:31:38.357190,-8.729215129351276,-101.61426533139138,419.141835098624
607,2022-05-09 02:31:53.210604,-7.977378017844372,-101.06866469421772,418.9013738870505
608,2022-05-09 02:32:08.060138,-7.2247623468035025,-100.52537004999442,418.6665515247408
609,2022-05-09 02:32:22.920394,-6.470742909532931,-99.98365179216447,418.4372687280771
610,2022-05-09 02:32:37.756008,-5.717195593303486,-99.44457713395212,418.21417318146564
611,2022-05-09 02:32:52.928642,-4.945812295615453,-98.89483645434183,417.99211993928515
612,2022-05-09 02:33:07.788028,-4.189757929103245,-98.35779253756083,417.78074620463923
613,2022-05-09 02:33:22.986119,-3.415926793197494,-97.80964958319332,417.57088413853603
614,2022-05-09 02:33:37.890092,-2.65664846125013,-97.2730387289398,417.3713933952984
615,2022-05-09 02:33:52.731240,-1.9002257842436419,-96.73937901513685,417.17902717311676
616,2022-05-09 02:34:07.571210,-1.1436204361742717,-96.20625417154275,416.9930207972866
617,2022-05-09 02:34:22.411079,-0.38678620597255037,-95.67336595609062,416.8134056373024
618,2022-05-09 02:34:37.249395,0.3699600612078694,-95.14067216674015,416.6402919409834
619,2022-05-09 02:34:52.102557,1.1274933590265535,-94.60729143131336,416.4735175719289
620,2022-05-09 02:35:06.950691,1.8846768134186003,-94.07375821490348,416.31336323119643
621,2022-05-09 02:35:21.777464,2.640610004668397,-93.54044232438635,416.16001907482087
622,2022-05-09 02:35:36.634490,3.3978263542378198,-93.00528862604726,416.01298781467693
623,2022-05-09 02:35:51.813833,4.171114568603884,-92.45753248024387,415.8696379203416
624,2022-05-09 02:36:06.945755,4.941517526064975,-91.91028373290948,415.7336660097595
625,2022-05-09 02:36:21.753600,5.6949391599883,-91.37333499751875,415.6073007650966
626,2022-05-09 02:36:36.885982,6.4641705744745686,-90.82303235708451,415.4850259776006
627,2022-05-09 02:36:51.705107,7.216803725279032,-90.28227910068259,415.3719776383605
628,2022-05-09 02:37:06.514042,7.968131235606349,-89.73988502631636,415.26561542078394
629,2022-05-09 02:37:21.379465,8.721439547026685,-89.19318421407317,415.16546954646634
630,2022-05-09 02:37:36.229015,9.472970037093466,-88.64460778119232,415.0720250371382
631,2022-05-09 02:37:51.072861,10.223150695180363,-88.0935618291538,414.98516717234196
632,2022-05-09 02:38:05.887395,10.970676641318367,-87.54072614206578,414.9049708013628
633,2022-05-09 02:38:20.737926,11.718769925573863,-86.9834193096932,414.8310349279082
634,2022-05-09 02:38:35.876642,12.48002525842293,-86.41181250849468,414.7622562466575
635,2022-05-09 02:38:50.708440,13.224292461274084,-85.84824291716853,414.70127380194793
636,2022-05-09 02:39:05.540435,13.9670728326695,-85.28080656852988,414.6465457409405
637,2022-05-09 02:39:20.362524,14.707686041264342,-84.70971190495563,414.59803435266036
638,2022-05-09 02:39:35.161188,15.445370994009497,-84.13524327863699,414.5556814069453
639,2022-05-09 02:39:49.972065,16.181806489166476,-83.5557726865308,414.5192911428312
640,2022-05-09 02:40:05.154128,16.934645732394248,-82.95682555617864,414.4881202580725
641,2022-05-09 02:40:20.307873,17.68390096590603,-82.35371661918195,414.4630925923571
642,2022-05-09 02:40:35.148342,18.415427940263807,-81.75770740628042,414.4443679915537
643,2022-05-09 02:40:49.991637,19.14476270331896,-81.1560032222684,414.4312560779743
644,2022-05-09 02:41:04.805984,19.870241170148137,-80.54963012445519,414.42365545002303
645,2022-05-09 02:41:19.983357,20.6108271109785,-79.9220773059961,414.4214273850552
646,2022-05-09 02:41:35.162416,21.348667875509918,-79.2877524431033,414.4246934362021
647,2022-05-09 02:41:50.000324,22.067052464418797,-78.66091981511752,414.43306378449984
648,2022-05-09 02:42:04.839850,22.782551175527495,-78.02702853502898,414.4464197501871
649,2022-05-09 02:42:19.649061,23.49348549022256,-77.38717796734421,414.46458006377054
650,2022-05-09 02:42:34.462378,24.2013939239752,-76.73958358052549,414.48743287991124
651,2022-05-09 02:42:49.312294,24.907629801183603,-76.08252446783501,414.5148999620575
652,2022-05-09 02:43:04.163684,25.610400667662216,-75.41717291280786,414.5467850771622
653,2022-05-09 02:43:19.304173,26.32302528804532,-74.73009409471193,414.5836755014883
654,2022-05-09 02:43:34.123438,27.016628760011166,-74.04868212947062,414.62391095305446
655,2022-05-09 02:43:48.931234,27.705682682415006,-73.35865413322452,414.6680341112813
656,2022-05-09 02:44:03.731257,28.390203444089032,-72.65951581245214,414.7158870717156
657,2022-05-09 02:44:18.919667,29.08815031773673,-71.93184713119737,414.7687232034279
658,2022-05-09 02:44:34.101727,29.781028885479216,-71.19379457646367,414.8251327594014
659,2022-05-09 02:44:49.272449,30.468429908051057,-70.44522915660144,414.8849098589477
660,2022-05-09 02:45:04.422118,31.149689367247007,-69.6863189540121,414.9478187938032
661,2022-05-09 02:45:19.282447,31.812728691854858,-68.93043949882956,415.0124716298259
662,2022-05-09 02:45:34.462663,32.48451378122427,-68.1461568311083,415.08134564143137
663,2022-05-09 02:45:49.304951,33.135629189473676,-67.36721036031383,415.15126086584013
664,2022-05-09 02:46:04.129433,33.78018237186968,-66.57675736662061,415.2234627234365
665,2022-05-09 02:46:18.949227,34.41851492876678,-65.77376273797529,415.2978303041269
666,2022-05-09 02:46:33.791237,35.051535350070466,-64.95636673665403,415.37432316996814
667,2022-05-09 02:46:48.600378,35.676653879400845,-64.12723804637092,415.45247600508316
668,2022-05-09 02:47:03.415806,36.29529798328696,-63.28382462659328,415.5323127825005
669,2022-05-09 02:47:18.281655,36.90899030228873,-62.423175137469215,415.6138983695884
670,2022-05-09 02:47:33.422921,37.52652297076862,-61.53136436876561,415.69833252590564
671,2022-05-09 02:47:48.252528,38.12369819091295,-60.64263314559744,415.782155342579
672,2022-05-09 02:48:03.065795,38.71236275331951,-59.73942347612678,415.86681894623337
673,2022-05-09 02:48:17.902622,39.293802473773496,-58.818917311264265,415.9523756389444
674,2022-05-09 02:48:32.746295,39.867035739546104,-57.8817318935337,416.0385561702695
675,2022-05-09 02:48:47.923720,40.44408239980827,-56.906263161279036,416.12709968187744
676,2022-05-09 02:49:02.752426,40.99866088805446,-55.936077990008165,416.2138456100071
677,2022-05-09 02:49:17.915000,41.55596489676637,-54.926196440843064,416.302607708023
678,2022-05-09 02:49:32.759173,42.0916665470065,-53.91969701115993,416.3893973162097
679,2022-05-09 02:49:47.592442,42.61684720689729,-52.89600427455357,416.47584985790763
680,2022-05-09 02:50:02.432547,43.13176669264808,-51.85365210888079,416.56190276818637
681,2022-05-09 02:50:17.281265,43.6361139522268,-50.79221363741488,416.64740618098745
682,2022-05-09 02:50:32.122701,44.128971409764716,-49.71260059289663,416.7321099267071
683,2022-05-09 02:50:46.965343,44.61025797746515,-48.61398482047859,416.8159098340387
684,2022-05-09 02:51:01.800621,45.079359502479456,-47.496740403335025,416.89861435304323
685,2022-05-09 02:51:16.602495,45.53494333976705,-46.36318982269818,416.97990562151585
686,2022-05-09 02:51:31.785321,45.98908561951484,-45.18040627687351,417.06189736516603
687,2022-05-09 02:51:46.612527,46.41925204517935,-44.005825771962925,417.14045492252535
688,2022-05-09 02:52:01.462484,46.83646046582934,-42.81013050920913,417.2174966730771
689,2022-05-09 02:52:16.302616,47.239362925135275,-41.59599777841305,417.2927180492674
690,2022-05-09 02:52:31.106252,47.62690345176832,-40.36578384976597,417.36586677402147
691,2022-05-09 02:52:46.282578,48.00886503229918,-39.08504299444897,417.4387698584577
692,2022-05-09 02:53:01.094255,48.366266940562625,-37.816218421072485,417.50776381321486
693,2022-05-09 02:53:15.932591,48.7086669078495,-36.526747215485,417.5746300960809
694,2022-05-09 02:53:30.773031,49.035056598589165,-35.219070408670014,417.6391433968968
695,2022-05-09 02:53:45.599398,49.34469458725077,-33.89513159419332,417.70113017116626
696,2022-05-09 02:54:00.420690,49.63742458618414,-32.554648194399746,417.7605360385991
697,2022-05-09 02:54:15.215944,49.912513344073574,-31.200156936975834,417.81719239812804
698,2022-05-09 02:54:30.400389,50.17666614086328,-29.7937402719714,417.87249928584697
699,2022-05-09 02:54:45.222646,50.416399018405016,-28.405766100563962,417.92362646264996
700,2022-05-09 02:55:00.350971,50.6422873754508,-26.97454379330899,417.97281742714847
701,2022-05-09 02:55:15.162212,50.844723374549,-25.559986102973163,418.01797603674487
702,2022-05-09 02:55:30.374735,51.03305599808683,-24.094393036865576,418.06119817037774
703,2022-05-09 02:55:45.302641,51.198288704467956,-22.64477320192195,418.10043748595734
704,2022-05-09 02:56:00.529949,51.34658975867124,-21.155615610873078,418.1371665954834
705,2022-05-09 02:56:15.459510,51.47191471820814,-19.68649871568622,418.1698963632825
706,2022-05-09 02:56:30.722563,51.579284643062195,-18.176564724306843,418.19995502745246
707,2022-05-09 02:56:45.560109,51.663375289939985,-16.702325761819317,418.2258414408695
708,2022-05-09 02:57:00.553341,51.72789837305217,-15.207518789645372,418.24863139679985
709,2022-05-09 02:57:15.404531,51.771440275358145,-13.723206470320648,418.2678443116011
710,2022-05-09 02:57:30.342980,51.794715341666574,-12.22786889616392,418.2837787727624
711,2022-05-09 02:57:45.184053,51.797419090137424,-10.741432359566142,418.29623042245913
712,2022-05-09 02:58:00.099690,51.77962654327988,-9.248051724595431,418.3053475265413
